label,confidence,box,id
truck,0.2135155946016311,"[111, -1, 291, 23]",041007_019
person,0.2698149979114532,"[1129, 278, 40, 35]",041007_021
